<?xml version="1.0" encoding="UTF-8"?>

<beans xmlns="http://www.springframework.org/schema/beans"
	xmlns:xsi="http://www.w3.org/2001/XMLSchema-instance"
	xmlns:context="http://www.springframework.org/schema/context"
	xmlns:p="http://www.springframework.org/schema/p"
	xmlns:c="http://www.springframework.org/schema/c"
	xsi:schemaLocation="
           http://www.springframework.org/schema/beans
           https://www.springframework.org/schema/beans/spring-beans.xsd
           http://www.springframework.org/schema/context
           https://www.springframework.org/schema/context/spring-context.xsd">


	<bean name="address" class="com.springcore.reftypes.Address">
		<property name="city" value="VZM" />
		<property name="state" value="Andhra Pradesh" />
		<property name="country" value="INDIA" />
	</bean>



	<bean name="student" class="com.springcore.reftypes.Student">
		<property name="studentId" value="275" />
		<property name="studentName" value="Prasad" />

		<property name="address">

			<ref bean="address" />

		</property>

	</bean>




</beans>