<?xml version="1.0" encoding="UTF-8"?>

<beans xmlns="http://www.springframework.org/schema/beans"
	xmlns:xsi="http://www.w3.org/2001/XMLSchema-instance"
	xmlns:context="http://www.springframework.org/schema/context"
	xmlns:p="http://www.springframework.org/schema/p"
	xmlns:c="http://www.springframework.org/schema/c"
	xsi:schemaLocation="
           http://www.springframework.org/schema/beans
           https://www.springframework.org/schema/beans/spring-beans.xsd
           http://www.springframework.org/schema/context
           https://www.springframework.org/schema/context/spring-context.xsd">

	<context:annotation-config />




	<bean class="com.spring.autowiring.Order">
		<property name="orderId" value="Swiggy78" />
		<property name="orderDate" value="16/02/2025" />
		<property name="totalAmount" value="876" />
	</bean>



	<bean name="customer" class="com.spring.autowiring.Customer">


		<property name="customerId" value="075" />
		<property name="customerName" value="Prasad" />

	</bean>

</beans>