<?xml version="1.0" encoding="UTF-8"?>

<beans xmlns="http://www.springframework.org/schema/beans"
	xmlns:xsi="http://www.w3.org/2001/XMLSchema-instance"
	xsi:schemaLocation="http://www.springframework.org/schema/beans 
	http://www.springframework.org/schema/beans/spring-beans.xsd">


	<bean name="student" class="com.springcore.innerbean.Student" >
		<property name="studentId" value="275" />
		<property name="studentName" value="Prasad" />

		<property name="address">

			<bean name="address" class="com.springcore.innerbean.Address">
				<property name="city" value="VZM" />
				<property name="state" value="Andhra Pradesh" />
				<property name="country" value="INDIA" />
			</bean>

		</property>

	</bean>




</beans>