<?xml version="1.0" encoding="UTF-8"?>

<beans xmlns="http://www.springframework.org/schema/beans"
	xmlns:xsi="http://www.w3.org/2001/XMLSchema-instance"
	xsi:schemaLocation="http://www.springframework.org/schema/beans http://www.springframework.org/schema/beans/spring-beans.xsd">

	<bean name="customer" class="com.springcore.map.Customer">
		<property name="customerId" value="743" />

		<property name="carModels">

			<map>
				<entry key="55" value="BMW" />
				<entry key="67" value="HONDA" />
			</map>
		</property>
	
	</bean>

</beans>