<?xml version="1.0" encoding="UTF-8"?>

<beans xmlns="http://www.springframework.org/schema/beans"
	xmlns:xsi="http://www.w3.org/2001/XMLSchema-instance"
	xsi:schemaLocation="http://www.springframework.org/schema/beans http://www.springframework.org/schema/beans/spring-beans.xsd">


	<bean name="college" class="com.springcore.list.College">

		<!-- <constructor-arg index="0" value="23489" /> <constructor-arg index="2"> 
			<list> <value>Computer Science and Engineering</value> <value>Information 
			Technology</value> <value>Electrical and Electronics Engineering </value> 
			<value>Mechanical Engineering</value> </list> </constructor-arg> <constructor-arg 
			index="1" value="GVPCE"/> -->

		<property name="clgCode" value="23489" />
		<property name="clgName" value="GVPCE" />

		<property name="departments">

			<list>
				<value>Computer Science and Engineering</value>
				<value>Information Technology</value>
				<value>Electrical and Electronics Engineering </value>
				<value>Mechanical Engineering</value>

			</list>


		</property>



	</bean>






</beans>