<?xml version="1.0" encoding="UTF-8"?>

<beans xmlns="http://www.springframework.org/schema/beans"
	xmlns:xsi="http://www.w3.org/2001/XMLSchema-instance"
	xsi:schemaLocation="http://www.springframework.org/schema/beans http://www.springframework.org/schema/beans/spring-beans.xsd">


	<bean name="department" class="com.springcore.set.Department">

		<property name="departmentId" value="EEE79652" />
		
		<property name="subjects">
			<set>
				<value>C programming</value>
				<value>DSA With C</value>
				<value>Core Java Programming</value>
				<value>C programming</value>
			</set>

		</property>



	</bean>






</beans>